,ID,Category,val01,val02,val03,val04
24,ID25,Category2,29,11,5,158
38,ID39,Category2,15,25,5,327
74,ID75,Category2,26,36,3,278
83,ID84,Category2,23,34,2,162
117,ID118,Category2,4,38,8,416
124,ID125,Category2,25,33,4,405
131,ID132,Category2,25,14,6,128
137,ID138,Category2,4,17,8,651
172,ID173,Category2,41,13,6,379
186,ID187,Category2,15,29,7,864
188,ID189,Category2,37,16,5,827
195,ID196,Category2,38,16,8,218
224,ID225,Category2,5,14,6,428
233,ID234,Category2,17,23,9,334
264,ID265,Category2,6,35,6,999
314,ID315,Category2,14,35,2,827
332,ID333,Category2,30,39,9,526
335,ID336,Category2,31,19,6,981
431,ID432,Category2,35,17,7,127
462,ID463,Category2,21,35,1,929
468,ID469,Category2,35,37,5,871
474,ID475,Category2,32,21,9,621
476,ID477,Category2,36,26,8,781
479,ID480,Category2,4,21,5,372
531,ID532,Category2,10,18,5,660
545,ID546,Category2,23,11,6,393
582,ID583,Category2,0,12,7,683
583,ID584,Category2,13,22,2,132
588,ID589,Category2,3,14,3,921
603,ID604,Category2,17,37,7,717
611,ID612,Category2,32,27,9,287
651,ID652,Category2,23,20,5,781
685,ID686,Category2,36,11,6,965
761,ID762,Category2,21,18,3,241
801,ID802,Category2,6,31,9,128
805,ID806,Category2,27,40,9,692
908,ID909,Category2,34,34,4,567
932,ID933,Category2,35,40,7,258
974,ID975,Category2,19,36,4,543
981,ID982,Category2,10,31,7,171
982,ID983,Category2,7,20,9,267
986,ID987,Category2,0,20,7,967
1022,ID1023,Category2,17,29,2,207
1079,ID1080,Category2,16,30,4,883
1086,ID1087,Category2,1,25,9,801
1089,ID1090,Category2,5,32,3,198
1173,ID1174,Category2,2,18,7,733
1190,ID1191,Category2,11,21,1,291
1217,ID1218,Category2,18,38,5,733
1228,ID1229,Category2,6,38,5,780
1272,ID1273,Category2,37,19,4,654
1274,ID1275,Category2,37,12,2,844
1292,ID1293,Category2,16,16,6,998
1301,ID1302,Category2,21,29,5,182
1315,ID1316,Category2,5,34,2,127
1342,ID1343,Category2,20,23,2,919
1347,ID1348,Category2,1,20,7,315
1364,ID1365,Category2,18,35,6,726
1407,ID1408,Category2,30,36,7,533
1410,ID1411,Category2,33,39,9,316
1427,ID1428,Category2,38,36,3,545
1478,ID1479,Category2,16,31,5,633
1495,ID1496,Category2,26,28,8,373
1631,ID1632,Category2,4,38,5,432
1642,ID1643,Category2,17,12,2,334
1645,ID1646,Category2,13,40,7,737
1665,ID1666,Category2,20,13,3,783
1751,ID1752,Category2,22,31,6,204
1835,ID1836,Category2,28,12,7,719
1837,ID1838,Category2,0,10,5,519
1893,ID1894,Category2,29,18,6,832
1899,ID1900,Category2,24,10,7,381
1909,ID1910,Category2,2,31,7,572
1923,ID1924,Category2,42,13,1,864
1935,ID1936,Category2,8,13,2,602
2019,ID2020,Category2,41,38,1,293
2026,ID2027,Category2,7,32,8,443
2058,ID2059,Category2,23,30,8,263
2067,ID2068,Category2,35,12,1,246
2075,ID2076,Category2,10,24,2,973
2111,ID2112,Category2,1,15,4,955
2120,ID2121,Category2,16,27,5,837
2186,ID2187,Category2,26,39,4,910
2188,ID2189,Category2,1,18,9,551
2206,ID2207,Category2,4,27,8,207
2236,ID2237,Category2,5,20,1,882
2244,ID2245,Category2,33,26,7,784
2249,ID2250,Category2,23,27,9,539
2269,ID2270,Category2,35,31,4,628
2341,ID2342,Category2,19,35,2,152
2355,ID2356,Category2,23,25,5,160
2400,ID2401,Category2,11,11,4,925
2472,ID2473,Category2,3,13,6,992
2508,ID2509,Category2,5,30,7,769
2511,ID2512,Category2,35,27,4,919
2545,ID2546,Category2,41,18,4,609
2552,ID2553,Category2,36,21,9,881
2588,ID2589,Category2,7,16,3,740
2610,ID2611,Category2,3,22,8,534
2647,ID2648,Category2,14,30,7,286
2650,ID2651,Category2,32,34,2,882
2714,ID2715,Category2,42,18,8,175
2736,ID2737,Category2,42,15,3,423
2801,ID2802,Category2,9,35,1,234
2835,ID2836,Category2,1,23,9,385
2851,ID2852,Category2,30,38,5,563
2864,ID2865,Category2,5,11,3,223
2914,ID2915,Category2,14,40,7,384
2982,ID2983,Category2,30,16,5,561
3028,ID3029,Category2,23,30,2,312
3067,ID3068,Category2,13,37,2,869
3070,ID3071,Category2,10,14,6,906
3073,ID3074,Category2,26,33,4,400
3092,ID3093,Category2,22,36,8,397
3136,ID3137,Category2,15,36,8,721
3146,ID3147,Category2,9,10,7,351
3203,ID3204,Category2,20,31,7,363
3212,ID3213,Category2,16,14,7,436
3227,ID3228,Category2,35,36,9,588
3319,ID3320,Category2,7,11,4,953
3329,ID3330,Category2,31,28,6,916
3381,ID3382,Category2,2,12,2,516
3385,ID3386,Category2,30,22,1,140
3390,ID3391,Category2,40,20,6,138
3423,ID3424,Category2,1,15,5,999
3446,ID3447,Category2,31,13,2,443
3452,ID3453,Category2,1,11,1,524
3472,ID3473,Category2,15,17,6,961
3491,ID3492,Category2,0,34,9,171
3492,ID3493,Category2,10,40,6,534
3535,ID3536,Category2,32,32,9,957
3538,ID3539,Category2,18,38,4,588
3553,ID3554,Category2,14,10,9,387
3566,ID3567,Category2,10,13,5,780
3601,ID3602,Category2,35,11,4,140
3608,ID3609,Category2,8,38,8,374
3618,ID3619,Category2,27,39,6,630
3619,ID3620,Category2,28,11,4,100
3647,ID3648,Category2,22,15,4,714
3651,ID3652,Category2,21,10,5,370
3678,ID3679,Category2,41,19,8,624
3719,ID3720,Category2,5,28,1,401
3739,ID3740,Category2,35,22,9,398
3823,ID3824,Category2,16,27,8,445
3827,ID3828,Category2,29,29,8,322
3838,ID3839,Category2,14,34,3,655
3841,ID3842,Category2,21,24,4,969
3882,ID3883,Category2,8,12,5,843
3928,ID3929,Category2,17,15,3,192
3948,ID3949,Category2,11,20,5,921
4011,ID4012,Category2,38,18,6,922
4181,ID4182,Category2,24,34,9,990
4201,ID4202,Category2,24,37,6,973
4206,ID4207,Category2,19,36,3,979
4209,ID4210,Category2,5,16,2,826
4262,ID4263,Category2,0,36,8,316
4303,ID4304,Category2,21,25,9,777
4320,ID4321,Category2,42,27,6,853
4329,ID4330,Category2,0,27,5,958
4364,ID4365,Category2,33,14,7,187
4381,ID4382,Category2,16,36,9,924
4456,ID4457,Category2,38,18,5,271
4481,ID4482,Category2,24,30,9,344
4517,ID4518,Category2,9,38,6,141
4526,ID4527,Category2,5,33,6,966
4535,ID4536,Category2,37,15,8,579
4572,ID4573,Category2,37,34,4,204
4605,ID4606,Category2,23,40,5,616
4608,ID4609,Category2,8,38,3,139
4611,ID4612,Category2,29,21,2,911
4618,ID4619,Category2,29,23,8,557
4631,ID4632,Category2,24,23,6,629
4655,ID4656,Category2,30,38,8,402
4669,ID4670,Category2,22,16,7,584
4674,ID4675,Category2,35,26,8,884
4699,ID4700,Category2,21,19,5,643
4701,ID4702,Category2,7,22,8,252
4714,ID4715,Category2,32,38,1,182
4718,ID4719,Category2,40,36,7,441
4734,ID4735,Category2,28,14,4,322
4739,ID4740,Category2,23,20,9,235
4745,ID4746,Category2,3,12,8,549
4748,ID4749,Category2,24,10,4,587
4755,ID4756,Category2,11,25,8,501
4800,ID4801,Category2,20,26,1,983
4806,ID4807,Category2,6,26,9,219
4809,ID4810,Category2,1,12,7,417
4816,ID4817,Category2,19,33,7,433
4842,ID4843,Category2,20,32,4,633
4915,ID4916,Category2,41,11,3,538
4948,ID4949,Category2,13,30,5,388
4968,ID4969,Category2,31,36,2,465
4981,ID4982,Category2,15,30,1,359
4992,ID4993,Category2,39,18,7,804
5007,ID5008,Category2,6,33,3,375
5102,ID5103,Category2,38,33,2,720
5111,ID5112,Category2,31,25,8,681
5122,ID5123,Category2,30,29,4,378
5168,ID5169,Category2,1,38,2,287
5179,ID5180,Category2,20,25,2,617
5237,ID5238,Category2,27,27,4,694
5249,ID5250,Category2,23,25,8,656
5252,ID5253,Category2,30,18,1,803
5256,ID5257,Category2,3,32,1,614
5277,ID5278,Category2,22,14,7,657
5319,ID5320,Category2,0,15,6,642
5343,ID5344,Category2,40,31,7,834
5347,ID5348,Category2,11,31,7,888
5351,ID5352,Category2,34,11,7,887
5367,ID5368,Category2,15,18,7,585
5370,ID5371,Category2,20,36,4,179
5373,ID5374,Category2,15,22,2,322
5376,ID5377,Category2,34,20,2,534
5397,ID5398,Category2,37,32,6,391
5426,ID5427,Category2,7,15,3,510
5469,ID5470,Category2,40,28,8,407
5475,ID5476,Category2,10,15,5,698
5503,ID5504,Category2,0,37,7,172
5507,ID5508,Category2,27,27,4,261
5512,ID5513,Category2,20,17,1,298
5543,ID5544,Category2,20,14,5,864
5549,ID5550,Category2,41,38,2,762
5569,ID5570,Category2,20,26,9,809
5676,ID5677,Category2,11,31,2,528
5703,ID5704,Category2,14,14,4,986
5713,ID5714,Category2,17,19,2,764
5778,ID5779,Category2,28,34,2,978
5808,ID5809,Category2,32,20,6,687
5815,ID5816,Category2,18,23,2,878
5855,ID5856,Category2,24,16,8,125
5873,ID5874,Category2,5,16,4,491
5888,ID5889,Category2,18,40,2,360
5942,ID5943,Category2,33,30,3,974
5970,ID5971,Category2,2,40,2,721
5971,ID5972,Category2,28,17,4,767
5979,ID5980,Category2,8,38,9,350
6006,ID6007,Category2,24,24,7,368
6011,ID6012,Category2,39,25,5,170
6012,ID6013,Category2,12,32,2,473
6035,ID6036,Category2,24,11,6,360
6047,ID6048,Category2,13,17,2,774
6156,ID6157,Category2,41,11,6,563
6185,ID6186,Category2,3,17,1,776
6186,ID6187,Category2,25,24,2,141
6202,ID6203,Category2,21,29,7,676
6205,ID6206,Category2,34,39,5,595
6220,ID6221,Category2,6,39,7,661
6230,ID6231,Category2,19,36,5,193
6259,ID6260,Category2,16,23,5,147
6297,ID6298,Category2,29,37,8,165
6358,ID6359,Category2,9,12,8,536
6368,ID6369,Category2,27,38,3,752
6406,ID6407,Category2,9,10,7,744
6421,ID6422,Category2,4,14,7,389
6431,ID6432,Category2,2,15,2,178
6462,ID6463,Category2,40,10,2,496
6486,ID6487,Category2,6,39,2,595
6490,ID6491,Category2,23,10,6,496
6516,ID6517,Category2,6,12,9,243
6518,ID6519,Category2,7,33,7,311
6557,ID6558,Category2,38,15,1,745
6561,ID6562,Category2,15,27,4,287
6568,ID6569,Category2,8,31,9,995
6574,ID6575,Category2,30,32,3,404
6590,ID6591,Category2,4,38,9,230
6716,ID6717,Category2,39,13,3,755
6738,ID6739,Category2,4,37,8,825
6745,ID6746,Category2,5,31,4,297
6779,ID6780,Category2,1,40,6,146
6823,ID6824,Category2,30,21,5,616
6857,ID6858,Category2,28,36,4,407
6927,ID6928,Category2,39,36,5,289
6940,ID6941,Category2,26,36,9,916
6983,ID6984,Category2,17,33,5,669
7043,ID7044,Category2,16,13,1,991
7047,ID7048,Category2,23,37,9,699
7071,ID7072,Category2,26,13,5,924
7150,ID7151,Category2,17,35,3,877
7160,ID7161,Category2,28,14,6,672
7169,ID7170,Category2,39,39,3,275
7187,ID7188,Category2,10,29,2,900
7189,ID7190,Category2,15,22,8,578
7209,ID7210,Category2,0,12,7,131
7219,ID7220,Category2,38,30,5,642
7232,ID7233,Category2,19,16,8,739
7254,ID7255,Category2,26,11,9,607
7305,ID7306,Category2,10,34,5,263
7360,ID7361,Category2,23,34,6,977
7370,ID7371,Category2,30,20,2,175
7376,ID7377,Category2,12,29,3,367
7394,ID7395,Category2,5,15,2,223
7429,ID7430,Category2,27,25,9,341
7481,ID7482,Category2,19,35,5,772
7493,ID7494,Category2,21,32,7,169
7496,ID7497,Category2,27,17,6,442
7526,ID7527,Category2,34,13,4,503
7592,ID7593,Category2,30,12,2,871
7630,ID7631,Category2,3,10,5,339
7638,ID7639,Category2,36,10,1,629
7652,ID7653,Category2,9,19,1,903
7653,ID7654,Category2,37,20,5,640
7763,ID7764,Category2,6,35,2,939
7777,ID7778,Category2,0,25,7,973
7798,ID7799,Category2,32,26,8,467
7834,ID7835,Category2,0,31,9,481
7890,ID7891,Category2,14,14,9,262
7902,ID7903,Category2,3,17,2,602
7904,ID7905,Category2,22,39,1,628
7915,ID7916,Category2,39,15,7,990
7926,ID7927,Category2,28,37,8,326
7981,ID7982,Category2,0,18,5,343
7991,ID7992,Category2,37,38,7,617
8004,ID8005,Category2,35,11,2,199
8034,ID8035,Category2,42,13,8,902
8090,ID8091,Category2,9,12,4,267
8130,ID8131,Category2,2,23,3,674
8143,ID8144,Category2,2,21,3,882
8161,ID8162,Category2,38,34,3,169
8194,ID8195,Category2,24,39,4,625
8244,ID8245,Category2,37,27,3,513
8265,ID8266,Category2,36,39,4,849
8279,ID8280,Category2,20,27,7,276
8285,ID8286,Category2,31,18,5,245
8286,ID8287,Category2,39,13,1,870
8294,ID8295,Category2,32,18,4,270
8339,ID8340,Category2,12,34,5,675
8341,ID8342,Category2,23,38,1,856
8343,ID8344,Category2,37,25,6,411
8352,ID8353,Category2,35,36,6,257
8354,ID8355,Category2,26,22,2,970
8369,ID8370,Category2,22,11,6,359
8423,ID8424,Category2,35,27,5,439
8437,ID8438,Category2,6,26,6,171
8471,ID8472,Category2,42,38,1,514
8550,ID8551,Category2,16,40,4,542
8551,ID8552,Category2,28,18,9,506
8563,ID8564,Category2,22,40,6,231
8567,ID8568,Category2,41,18,8,927
8591,ID8592,Category2,42,13,8,745
8592,ID8593,Category2,36,19,6,630
8609,ID8610,Category2,24,39,6,683
8649,ID8650,Category2,15,31,5,202
8758,ID8759,Category2,6,30,8,861
8820,ID8821,Category2,38,20,7,686
8833,ID8834,Category2,5,21,6,976
8848,ID8849,Category2,31,39,4,681
8908,ID8909,Category2,13,24,2,435
8967,ID8968,Category2,25,33,5,373
9042,ID9043,Category2,31,34,5,966
9071,ID9072,Category2,20,26,5,127
9075,ID9076,Category2,7,35,8,718
9139,ID9140,Category2,40,31,2,482
9154,ID9155,Category2,22,17,8,762
9167,ID9168,Category2,21,25,4,173
9203,ID9204,Category2,38,29,4,129
9211,ID9212,Category2,38,28,5,307
9265,ID9266,Category2,24,38,2,463
9298,ID9299,Category2,26,33,8,848
9318,ID9319,Category2,41,18,8,896
9335,ID9336,Category2,17,39,8,560
9340,ID9341,Category2,7,17,7,588
9373,ID9374,Category2,13,10,9,416
9429,ID9430,Category2,36,39,9,193
9445,ID9446,Category2,26,31,7,272
9460,ID9461,Category2,19,17,4,313
9504,ID9505,Category2,1,17,8,887
9608,ID9609,Category2,30,20,2,276
9632,ID9633,Category2,24,22,6,714
9664,ID9665,Category2,26,39,9,143
9670,ID9671,Category2,19,23,2,274
9675,ID9676,Category2,28,39,2,384
9690,ID9691,Category2,39,25,8,822
9725,ID9726,Category2,5,25,2,228
9731,ID9732,Category2,17,29,7,837
9735,ID9736,Category2,36,34,7,480
9738,ID9739,Category2,22,18,7,800
9745,ID9746,Category2,42,26,1,177
9771,ID9772,Category2,4,35,5,225
9827,ID9828,Category2,33,14,4,867
9833,ID9834,Category2,15,39,4,485
9845,ID9846,Category2,4,11,6,947
9865,ID9866,Category2,10,24,8,859
9928,ID9929,Category2,23,17,1,619
9934,ID9935,Category2,36,20,6,456
9936,ID9937,Category2,6,29,4,531
9968,ID9969,Category2,8,29,1,295
13,IDX14,Category2,31,32,7,517
33,IDX34,Category2,12,28,3,175
55,IDX56,Category2,25,35,4,815
69,IDX70,Category2,0,33,7,427
72,IDX73,Category2,29,17,8,275
138,IDX139,Category2,31,15,5,419
139,IDX140,Category2,28,32,8,362
203,IDX204,Category2,38,26,3,149
221,IDX222,Category2,21,13,6,653
227,IDX228,Category2,8,32,1,865
271,IDX272,Category2,19,14,8,806
280,IDX281,Category2,26,30,1,314
285,IDX286,Category2,37,20,8,214
317,IDX318,Category2,18,18,8,183
329,IDX330,Category2,3,17,5,912
339,IDX340,Category2,38,36,5,819
380,IDX381,Category2,17,32,8,156
401,IDX402,Category2,21,11,7,371
419,IDX420,Category2,37,30,3,211
429,IDX430,Category2,21,19,6,579
440,IDX441,Category2,40,16,4,849
468,IDX469,Category2,29,20,5,796
496,IDX497,Category2,20,27,5,153
519,IDX520,Category2,1,33,1,387
545,IDX546,Category2,24,39,2,756
549,IDX550,Category2,24,12,8,426
595,IDX596,Category2,26,12,3,458
610,IDX611,Category2,11,24,9,287
618,IDX619,Category2,10,17,1,992
621,IDX622,Category2,34,28,7,681
628,IDX629,Category2,31,13,8,997
710,IDX711,Category2,27,11,8,606
715,IDX716,Category2,15,10,8,643
727,IDX728,Category2,36,34,3,265
731,IDX732,Category2,15,24,6,486
735,IDX736,Category2,40,37,3,542
744,IDX745,Category2,31,29,5,322
769,IDX770,Category2,27,23,9,165
796,IDX797,Category2,35,15,5,875
809,IDX810,Category2,24,25,7,376
828,IDX829,Category2,35,13,5,589
841,IDX842,Category2,33,27,5,938
882,IDX883,Category2,9,17,7,398
963,IDX964,Category2,17,35,6,569
1010,IDX1011,Category2,16,30,8,703
1040,IDX1041,Category2,37,23,5,595
1071,IDX1072,Category2,40,39,9,597
1094,IDX1095,Category2,35,25,3,798
1154,IDX1155,Category2,35,40,5,896
1162,IDX1163,Category2,8,15,2,919
1176,IDX1177,Category2,35,11,4,690
1190,IDX1191,Category2,11,21,5,801
1231,IDX1232,Category2,39,31,9,107
1268,IDX1269,Category2,34,10,5,651
1329,IDX1330,Category2,19,26,2,985
1330,IDX1331,Category2,42,28,6,403
1358,IDX1359,Category2,22,21,6,558
1361,IDX1362,Category2,9,33,5,762
1385,IDX1386,Category2,18,10,3,244
1400,IDX1401,Category2,14,25,3,955
1401,IDX1402,Category2,1,21,2,760
1514,IDX1515,Category2,10,21,4,638
1537,IDX1538,Category2,20,30,9,292
1550,IDX1551,Category2,8,20,8,971
1564,IDX1565,Category2,18,10,5,838
1586,IDX1587,Category2,24,20,9,450
1589,IDX1590,Category2,40,14,9,433
1600,IDX1601,Category2,14,11,4,142
1612,IDX1613,Category2,21,35,5,749
1644,IDX1645,Category2,24,18,4,473
1650,IDX1651,Category2,10,26,1,985
1692,IDX1693,Category2,4,13,6,839
1704,IDX1705,Category2,2,36,7,756
1727,IDX1728,Category2,34,14,9,318
1738,IDX1739,Category2,40,15,3,207
1763,IDX1764,Category2,22,31,7,554
1764,IDX1765,Category2,33,12,9,335
1785,IDX1786,Category2,23,29,3,347
1862,IDX1863,Category2,7,10,7,422
1867,IDX1868,Category2,6,40,5,628
2013,IDX2014,Category2,14,25,7,326
2046,IDX2047,Category2,10,21,5,870
2057,IDX2058,Category2,41,12,7,694
2088,IDX2089,Category2,29,38,8,485
2107,IDX2108,Category2,10,23,2,491
2158,IDX2159,Category2,9,30,5,823
2232,IDX2233,Category2,4,19,2,228
2251,IDX2252,Category2,42,22,5,124
2305,IDX2306,Category2,5,25,7,574
2320,IDX2321,Category2,2,17,8,685
2405,IDX2406,Category2,23,14,9,196
2497,IDX2498,Category2,15,39,9,400
2547,IDX2548,Category2,6,30,4,638
2553,IDX2554,Category2,27,28,9,425
2607,IDX2608,Category2,34,35,2,176
2658,IDX2659,Category2,14,22,4,201
2676,IDX2677,Category2,39,26,6,244
2696,IDX2697,Category2,1,21,7,441
2701,IDX2702,Category2,27,40,4,191
2702,IDX2703,Category2,19,27,9,667
2728,IDX2729,Category2,36,17,2,346
2763,IDX2764,Category2,32,34,2,521
2768,IDX2769,Category2,23,10,5,695
2883,IDX2884,Category2,3,29,9,695
2921,IDX2922,Category2,18,12,3,418
2958,IDX2959,Category2,0,19,7,281
2965,IDX2966,Category2,20,37,9,239
2997,IDX2998,Category2,40,17,7,359
3001,IDX3002,Category2,13,26,1,223
3007,IDX3008,Category2,13,35,8,929
3046,IDX3047,Category2,41,13,8,981
3051,IDX3052,Category2,13,19,3,553
3073,IDX3074,Category2,32,30,2,258
3123,IDX3124,Category2,17,20,6,206
3144,IDX3145,Category2,16,24,2,331
3147,IDX3148,Category2,1,20,4,386
3191,IDX3192,Category2,42,16,3,875
3241,IDX3242,Category2,33,14,5,335
3247,IDX3248,Category2,36,12,7,689
3263,IDX3264,Category2,36,17,1,577
3302,IDX3303,Category2,40,14,6,355
3307,IDX3308,Category2,15,13,3,693
3325,IDX3326,Category2,37,28,3,407
3327,IDX3328,Category2,18,19,1,763
3330,IDX3331,Category2,29,10,9,352
3341,IDX3342,Category2,31,38,5,542
3342,IDX3343,Category2,8,13,9,267
3375,IDX3376,Category2,7,35,4,687
3421,IDX3422,Category2,27,17,7,364
3448,IDX3449,Category2,14,28,5,488
3455,IDX3456,Category2,7,18,8,481
3494,IDX3495,Category2,27,26,9,420
3519,IDX3520,Category2,39,23,1,368
3525,IDX3526,Category2,40,40,8,929
3536,IDX3537,Category2,34,37,5,347
3552,IDX3553,Category2,21,13,6,610
3568,IDX3569,Category2,11,21,2,943
3596,IDX3597,Category2,30,22,8,635
3666,IDX3667,Category2,31,17,2,773
3698,IDX3699,Category2,20,15,9,539
3711,IDX3712,Category2,4,34,8,643
3712,IDX3713,Category2,19,12,7,155
3723,IDX3724,Category2,28,28,7,447
3742,IDX3743,Category2,34,12,9,270
3744,IDX3745,Category2,14,24,8,985
3880,IDX3881,Category2,41,10,4,326
3885,IDX3886,Category2,22,25,9,466
3914,IDX3915,Category2,1,30,5,413
3928,IDX3929,Category2,2,39,7,589
3943,IDX3944,Category2,25,10,3,429
3953,IDX3954,Category2,10,33,2,857
4004,IDX4005,Category2,20,34,8,881
4037,IDX4038,Category2,4,24,1,413
4093,IDX4094,Category2,5,33,3,840
4123,IDX4124,Category2,35,19,9,704
4228,IDX4229,Category2,16,35,3,340
4253,IDX4254,Category2,8,12,3,398
4256,IDX4257,Category2,16,27,4,610
4265,IDX4266,Category2,37,11,5,506
4335,IDX4336,Category2,19,18,9,128
4356,IDX4357,Category2,12,21,9,755
4377,IDX4378,Category2,28,14,3,576
4384,IDX4385,Category2,4,15,1,859
4515,IDX4516,Category2,20,23,3,972
4552,IDX4553,Category2,2,24,5,644
4632,IDX4633,Category2,2,12,8,161
4716,IDX4717,Category2,34,10,7,744
4728,IDX4729,Category2,35,35,7,994
4736,IDX4737,Category2,4,31,2,971
4761,IDX4762,Category2,23,26,4,414
4806,IDX4807,Category2,14,28,4,791
4828,IDX4829,Category2,9,30,4,533
4836,IDX4837,Category2,3,20,7,347
4839,IDX4840,Category2,2,30,7,198
4853,IDX4854,Category2,40,31,6,955
4859,IDX4860,Category2,25,14,3,689
4875,IDX4876,Category2,21,39,1,422
4963,IDX4964,Category2,23,23,9,913
5000,IDX5001,Category2,17,26,5,400
5022,IDX5023,Category2,8,11,5,588
5071,IDX5072,Category2,38,40,8,291
5092,IDX5093,Category2,7,27,4,260
5155,IDX5156,Category2,29,12,4,744
5156,IDX5157,Category2,14,31,9,739
5255,IDX5256,Category2,3,35,4,620
5334,IDX5335,Category2,11,12,3,660
5394,IDX5395,Category2,1,19,8,162
5427,IDX5428,Category2,10,35,3,715
5473,IDX5474,Category2,24,19,4,386
5505,IDX5506,Category2,28,12,1,635
5540,IDX5541,Category2,6,10,2,590
5549,IDX5550,Category2,33,35,6,182
5594,IDX5595,Category2,36,18,5,153
5653,IDX5654,Category2,28,36,8,113
5668,IDX5669,Category2,4,36,6,163
5671,IDX5672,Category2,7,36,1,474
5700,IDX5701,Category2,1,13,2,495
5713,IDX5714,Category2,7,30,4,685
5749,IDX5750,Category2,42,17,5,275
5781,IDX5782,Category2,23,17,7,686
5817,IDX5818,Category2,28,36,4,858
5892,IDX5893,Category2,3,14,1,298
5945,IDX5946,Category2,26,37,3,311
6030,IDX6031,Category2,27,33,5,197
6083,IDX6084,Category2,6,30,9,631
6090,IDX6091,Category2,28,10,6,703
6116,IDX6117,Category2,14,29,8,425
6143,IDX6144,Category2,35,23,8,748
6207,IDX6208,Category2,22,12,4,912
6214,IDX6215,Category2,27,36,1,869
6266,IDX6267,Category2,24,14,9,713
6275,IDX6276,Category2,15,32,9,702
6291,IDX6292,Category2,40,20,9,292
6317,IDX6318,Category2,42,32,7,512
6391,IDX6392,Category2,23,33,3,452
6465,IDX6466,Category2,26,19,6,535
6484,IDX6485,Category2,8,32,6,561
6497,IDX6498,Category2,16,31,6,895
6601,IDX6602,Category2,10,38,8,817
6763,IDX6764,Category2,24,27,1,704
6794,IDX6795,Category2,19,22,9,568
6811,IDX6812,Category2,34,25,2,528
6813,IDX6814,Category2,24,28,7,141
6837,IDX6838,Category2,10,26,3,255
6996,IDX6997,Category2,36,10,8,679
7035,IDX7036,Category2,24,27,8,637
7098,IDX7099,Category2,20,10,8,469
7122,IDX7123,Category2,39,35,3,694
7181,IDX7182,Category2,5,21,6,653
7218,IDX7219,Category2,20,19,8,986
7276,IDX7277,Category2,28,37,2,975
7386,IDX7387,Category2,22,35,4,126
7393,IDX7394,Category2,17,24,8,542
7401,IDX7402,Category2,22,23,8,642
7407,IDX7408,Category2,29,17,6,748
7410,IDX7411,Category2,29,39,6,737
7439,IDX7440,Category2,26,39,7,452
7536,IDX7537,Category2,17,24,8,438
7537,IDX7538,Category2,25,24,8,793
7561,IDX7562,Category2,7,31,4,734
7564,IDX7565,Category2,23,17,8,759
7576,IDX7577,Category2,18,22,4,983
7621,IDX7622,Category2,18,38,2,209
7642,IDX7643,Category2,2,35,3,348
7697,IDX7698,Category2,35,38,4,900
7727,IDX7728,Category2,25,21,2,402
7730,IDX7731,Category2,26,32,2,622
7743,IDX7744,Category2,39,25,5,138
7749,IDX7750,Category2,33,29,2,379
7756,IDX7757,Category2,36,25,9,731
7790,IDX7791,Category2,17,35,6,261
7817,IDX7818,Category2,20,13,1,494
7822,IDX7823,Category2,28,35,4,270
7824,IDX7825,Category2,15,23,6,606
7833,IDX7834,Category2,26,22,7,247
7846,IDX7847,Category2,31,35,5,852
7867,IDX7868,Category2,39,18,6,454
7873,IDX7874,Category2,7,22,7,691
7875,IDX7876,Category2,3,24,7,919
7903,IDX7904,Category2,33,23,8,948
8020,IDX8021,Category2,7,34,7,756
8038,IDX8039,Category2,25,39,8,746
8061,IDX8062,Category2,7,20,5,924
8075,IDX8076,Category2,17,17,8,245
8078,IDX8079,Category2,39,13,8,124
8086,IDX8087,Category2,25,28,3,331
8099,IDX8100,Category2,32,36,3,424
8115,IDX8116,Category2,4,16,6,637
8132,IDX8133,Category2,4,16,3,192
8133,IDX8134,Category2,10,10,1,190
8150,IDX8151,Category2,23,15,8,786
8188,IDX8189,Category2,12,26,1,343
8195,IDX8196,Category2,14,30,2,922
8199,IDX8200,Category2,30,21,7,558
8208,IDX8209,Category2,26,23,5,133
8254,IDX8255,Category2,2,35,8,649
8290,IDX8291,Category2,29,34,1,449
8339,IDX8340,Category2,3,20,1,280
8368,IDX8369,Category2,37,18,1,582
8380,IDX8381,Category2,10,38,2,157
8403,IDX8404,Category2,0,11,6,987
8404,IDX8405,Category2,18,34,8,953
8411,IDX8412,Category2,2,22,4,434
8437,IDX8438,Category2,2,23,4,294
8470,IDX8471,Category2,35,15,2,372
8482,IDX8483,Category2,18,16,8,191
8507,IDX8508,Category2,16,35,7,241
8540,IDX8541,Category2,16,25,4,536
8617,IDX8618,Category2,36,17,5,790
8627,IDX8628,Category2,36,30,9,827
8629,IDX8630,Category2,23,10,1,129
8650,IDX8651,Category2,5,23,7,995
8659,IDX8660,Category2,0,32,1,1000
8667,IDX8668,Category2,27,26,7,180
8669,IDX8670,Category2,23,40,2,102
8720,IDX8721,Category2,25,37,1,515
8746,IDX8747,Category2,24,21,7,695
8821,IDX8822,Category2,6,14,1,681
8845,IDX8846,Category2,37,14,1,348
8848,IDX8849,Category2,32,26,5,373
8863,IDX8864,Category2,41,37,6,525
8887,IDX8888,Category2,13,24,4,140
8897,IDX8898,Category2,37,17,2,277
8920,IDX8921,Category2,11,18,2,720
8928,IDX8929,Category2,0,28,5,340
8936,IDX8937,Category2,8,10,2,932
8957,IDX8958,Category2,21,36,2,572
8981,IDX8982,Category2,22,24,4,276
8989,IDX8990,Category2,42,36,3,734
8995,IDX8996,Category2,37,35,1,447
9065,IDX9066,Category2,34,21,9,113
9069,IDX9070,Category2,18,17,7,386
9071,IDX9072,Category2,25,35,9,158
9097,IDX9098,Category2,40,15,3,662
9146,IDX9147,Category2,37,39,5,938
9164,IDX9165,Category2,24,26,2,724
9184,IDX9185,Category2,13,20,9,163
9202,IDX9203,Category2,20,17,9,540
9221,IDX9222,Category2,15,22,9,887
9261,IDX9262,Category2,20,27,9,503
9315,IDX9316,Category2,14,22,2,469
9320,IDX9321,Category2,2,38,4,927
9354,IDX9355,Category2,15,16,6,178
9405,IDX9406,Category2,8,22,8,557
9407,IDX9408,Category2,25,39,6,391
9450,IDX9451,Category2,39,33,8,212
9456,IDX9457,Category2,28,34,7,448
9458,IDX9459,Category2,7,14,5,745
9491,IDX9492,Category2,18,17,1,786
9522,IDX9523,Category2,24,40,7,803
9586,IDX9587,Category2,41,39,8,878
9593,IDX9594,Category2,5,26,1,661
9602,IDX9603,Category2,42,32,1,635
9651,IDX9652,Category2,26,16,2,781
9657,IDX9658,Category2,31,31,6,496
9715,IDX9716,Category2,1,29,9,281
9740,IDX9741,Category2,17,20,2,632
9753,IDX9754,Category2,0,33,1,263
9912,IDX9913,Category2,13,16,1,354
9919,IDX9920,Category2,34,18,1,908
9947,IDX9948,Category2,5,37,6,920
9949,IDX9950,Category2,19,19,1,352
10,ID11,Category2,191,34,1,267
22,ID23,Category2,173,14,3,173
71,ID72,Category2,182,16,8,229
76,ID77,Category2,177,22,4,228
84,ID85,Category2,193,15,5,683
91,ID92,Category2,172,10,5,144
96,ID97,Category2,178,40,1,823
122,ID123,Category2,162,33,3,111
166,ID167,Category2,166,29,3,642
208,ID209,Category2,171,15,8,960
259,ID260,Category2,182,35,6,400
289,ID290,Category2,164,18,3,729
329,ID330,Category2,172,30,6,823
347,ID348,Category2,163,27,2,301
351,ID352,Category2,198,35,7,589
392,ID393,Category2,170,17,1,660
421,ID422,Category2,174,38,4,953
423,ID424,Category2,185,38,3,773
432,ID433,Category2,185,28,3,194
433,ID434,Category2,184,37,5,464
513,ID514,Category2,160,37,1,337
517,ID518,Category2,191,23,8,541
524,ID525,Category2,178,29,7,801
542,ID543,Category2,173,26,1,982
552,ID553,Category2,169,31,5,569
562,ID563,Category2,182,30,3,873
567,ID568,Category2,190,38,1,891
574,ID575,Category2,177,35,9,875
599,ID600,Category2,167,13,1,287
639,ID640,Category2,171,10,4,343
642,ID643,Category2,191,33,6,244
662,ID663,Category2,194,10,3,112
692,ID693,Category2,166,39,8,889
769,ID770,Category2,165,20,3,556
787,ID788,Category2,186,40,2,924
804,ID805,Category2,169,18,9,653
816,ID817,Category2,193,21,9,255
865,ID866,Category2,194,16,1,680
869,ID870,Category2,161,12,9,712
884,ID885,Category2,183,16,1,547
899,ID900,Category2,199,24,1,147
911,ID912,Category2,188,22,7,594
924,ID925,Category2,192,31,5,131
938,ID939,Category2,182,29,3,810
967,ID968,Category2,182,40,8,940
1031,ID1032,Category2,198,31,9,289
1036,ID1037,Category2,165,29,5,883
1047,ID1048,Category2,177,24,2,998
1058,ID1059,Category2,166,25,9,813
1071,ID1072,Category2,163,36,5,930
1108,ID1109,Category2,169,30,8,174
1110,ID1111,Category2,181,17,9,200
1160,ID1161,Category2,160,14,2,798
1179,ID1180,Category2,177,26,1,550
1261,ID1262,Category2,163,19,1,952
1281,ID1282,Category2,165,23,4,915
1302,ID1303,Category2,178,39,9,610
1304,ID1305,Category2,172,30,2,650
1356,ID1357,Category2,173,40,5,210
1403,ID1404,Category2,185,39,5,739
1409,ID1410,Category2,181,23,5,234
1437,ID1438,Category2,190,13,6,554
1447,ID1448,Category2,166,21,9,718
1452,ID1453,Category2,197,28,2,607
1486,ID1487,Category2,160,33,5,471
1508,ID1509,Category2,186,35,1,756
1511,ID1512,Category2,196,17,8,770
1535,ID1536,Category2,184,23,4,454
1549,ID1550,Category2,179,35,1,633
1563,ID1564,Category2,178,27,9,419
1566,ID1567,Category2,162,13,2,414
1575,ID1576,Category2,165,11,9,780
1601,ID1602,Category2,162,15,7,109
1608,ID1609,Category2,165,10,1,170
1625,ID1626,Category2,184,34,9,204
1786,ID1787,Category2,179,34,5,696
1790,ID1791,Category2,189,32,3,549
1823,ID1824,Category2,166,28,6,258
1825,ID1826,Category2,161,14,5,836
1888,ID1889,Category2,177,27,8,497
1894,ID1895,Category2,199,17,5,925
1905,ID1906,Category2,192,32,1,375
1908,ID1909,Category2,196,22,8,475
1975,ID1976,Category2,168,33,1,579
1980,ID1981,Category2,178,40,1,342
1999,ID2000,Category2,179,27,2,582
2012,ID2013,Category2,197,28,2,111
2013,ID2014,Category2,199,12,6,1000
2014,ID2015,Category2,167,34,1,594
2080,ID2081,Category2,192,15,7,498
2113,ID2114,Category2,182,25,2,604
2153,ID2154,Category2,171,13,1,217
2173,ID2174,Category2,199,31,1,975
2185,ID2186,Category2,165,32,5,487
2267,ID2268,Category2,169,10,8,169
2311,ID2312,Category2,168,23,5,606
2471,ID2472,Category2,163,19,6,291
2473,ID2474,Category2,181,36,7,709
2478,ID2479,Category2,169,11,6,589
2493,ID2494,Category2,197,24,9,719
2500,ID2501,Category2,191,11,4,707
2544,ID2545,Category2,166,24,3,312
2566,ID2567,Category2,195,32,4,622
2569,ID2570,Category2,169,27,5,452
2585,ID2586,Category2,170,39,1,834
2641,ID2642,Category2,198,16,5,632
2766,ID2767,Category2,198,39,7,169
2806,ID2807,Category2,195,25,2,614
2807,ID2808,Category2,168,38,8,181
2810,ID2811,Category2,196,40,5,100
2811,ID2812,Category2,190,28,1,469
2812,ID2813,Category2,169,16,4,535
2821,ID2822,Category2,200,34,8,285
2847,ID2848,Category2,162,32,2,102
2920,ID2921,Category2,165,24,5,206
2924,ID2925,Category2,170,40,6,628
2951,ID2952,Category2,199,14,1,384
2952,ID2953,Category2,198,18,9,977
2953,ID2954,Category2,171,12,2,561
2954,ID2955,Category2,169,17,2,552
2978,ID2979,Category2,176,26,2,157
2996,ID2997,Category2,193,20,6,122
2999,ID3000,Category2,186,26,2,189
3002,ID3003,Category2,183,10,8,489
3055,ID3056,Category2,172,36,4,681
3086,ID3087,Category2,188,18,2,247
3110,ID3111,Category2,193,32,6,685
3116,ID3117,Category2,176,34,5,429
3188,ID3189,Category2,196,16,5,571
3213,ID3214,Category2,192,34,5,192
3218,ID3219,Category2,195,23,2,287
3226,ID3227,Category2,182,12,5,651
3233,ID3234,Category2,188,10,8,732
3236,ID3237,Category2,173,11,1,247
3242,ID3243,Category2,182,17,1,330
3257,ID3258,Category2,180,25,7,343
3289,ID3290,Category2,187,40,1,431
3303,ID3304,Category2,160,35,8,630
3344,ID3345,Category2,163,17,3,228
3365,ID3366,Category2,176,29,8,893
3372,ID3373,Category2,172,27,5,904
3387,ID3388,Category2,169,18,4,608
3418,ID3419,Category2,179,32,1,705
3426,ID3427,Category2,183,17,8,293
3429,ID3430,Category2,195,28,2,329
3434,ID3435,Category2,180,40,6,132
3490,ID3491,Category2,188,10,7,351
3498,ID3499,Category2,194,33,5,162
3528,ID3529,Category2,185,18,4,738
3587,ID3588,Category2,160,17,9,746
3628,ID3629,Category2,166,28,7,250
3684,ID3685,Category2,200,22,4,885
3687,ID3688,Category2,195,15,1,322
3734,ID3735,Category2,174,40,3,907
3737,ID3738,Category2,194,27,1,282
3833,ID3834,Category2,163,20,5,981
3930,ID3931,Category2,186,36,3,452
3944,ID3945,Category2,178,12,5,548
3985,ID3986,Category2,200,33,1,838
4015,ID4016,Category2,180,13,2,571
4024,ID4025,Category2,178,34,9,775
4078,ID4079,Category2,170,10,7,358
4123,ID4124,Category2,180,37,9,857
4132,ID4133,Category2,162,32,2,472
4158,ID4159,Category2,168,29,2,512
4208,ID4209,Category2,188,26,2,259
4310,ID4311,Category2,191,28,9,919
4334,ID4335,Category2,167,29,5,811
4360,ID4361,Category2,195,38,7,909
4367,ID4368,Category2,165,22,2,531
4375,ID4376,Category2,164,12,2,211
4398,ID4399,Category2,166,17,6,484
4418,ID4419,Category2,174,23,2,443
4450,ID4451,Category2,160,40,4,643
4493,ID4494,Category2,182,26,2,998
4554,ID4555,Category2,185,40,2,726
4581,ID4582,Category2,163,34,1,567
4619,ID4620,Category2,173,21,8,452
4687,ID4688,Category2,198,12,4,670
4691,ID4692,Category2,179,39,8,264
4706,ID4707,Category2,199,10,4,931
4724,ID4725,Category2,183,25,1,465
4741,ID4742,Category2,168,15,7,443
4756,ID4757,Category2,180,37,8,777
4790,ID4791,Category2,167,37,1,635
4796,ID4797,Category2,194,17,3,240
4810,ID4811,Category2,193,16,3,438
4823,ID4824,Category2,178,33,8,791
4835,ID4836,Category2,178,16,1,333
4839,ID4840,Category2,184,29,3,205
4902,ID4903,Category2,162,34,6,545
4959,ID4960,Category2,183,12,9,335
4986,ID4987,Category2,185,15,2,391
5027,ID5028,Category2,180,28,8,700
5031,ID5032,Category2,196,10,8,793
5044,ID5045,Category2,174,11,5,136
5097,ID5098,Category2,164,26,5,358
5146,ID5147,Category2,172,14,3,956
5166,ID5167,Category2,199,36,6,446
5175,ID5176,Category2,161,16,2,345
5177,ID5178,Category2,174,32,2,238
5198,ID5199,Category2,194,36,1,850
5244,ID5245,Category2,169,39,8,130
5258,ID5259,Category2,165,21,1,149
5261,ID5262,Category2,171,28,5,733
5269,ID5270,Category2,171,12,3,682
5320,ID5321,Category2,194,25,3,549
5342,ID5343,Category2,178,24,1,694
5431,ID5432,Category2,175,22,2,788
5445,ID5446,Category2,185,35,8,611
5456,ID5457,Category2,194,22,8,670
5480,ID5481,Category2,196,25,9,182
5553,ID5554,Category2,192,15,3,470
5562,ID5563,Category2,183,26,1,104
5564,ID5565,Category2,188,26,4,337
5633,ID5634,Category2,161,30,4,836
5689,ID5690,Category2,175,35,1,226
5697,ID5698,Category2,200,32,1,797
5736,ID5737,Category2,166,33,4,174
5744,ID5745,Category2,180,36,5,857
5751,ID5752,Category2,190,39,5,382
5754,ID5755,Category2,175,32,1,415
5833,ID5834,Category2,166,10,1,660
5896,ID5897,Category2,199,28,6,404
5929,ID5930,Category2,161,36,9,388
5931,ID5932,Category2,173,39,8,419
5933,ID5934,Category2,170,21,6,327
5986,ID5987,Category2,184,26,1,471
6029,ID6030,Category2,161,29,8,696
6030,ID6031,Category2,167,26,8,955
6046,ID6047,Category2,173,26,7,425
6100,ID6101,Category2,171,17,4,857
6106,ID6107,Category2,160,38,8,127
6173,ID6174,Category2,179,16,2,259
6174,ID6175,Category2,198,19,9,997
6180,ID6181,Category2,165,12,8,767
6188,ID6189,Category2,170,29,6,257
6213,ID6214,Category2,162,14,6,736
6222,ID6223,Category2,162,14,9,897
6235,ID6236,Category2,194,18,4,895
6269,ID6270,Category2,166,10,8,913
6299,ID6300,Category2,165,31,5,414
6328,ID6329,Category2,180,35,6,846
6331,ID6332,Category2,189,18,1,601
6345,ID6346,Category2,179,12,1,574
6414,ID6415,Category2,171,40,4,467
6425,ID6426,Category2,198,35,8,394
6429,ID6430,Category2,186,39,1,688
6430,ID6431,Category2,196,40,8,455
6550,ID6551,Category2,181,20,2,684
6552,ID6553,Category2,194,31,4,462
6614,ID6615,Category2,175,31,1,291
6646,ID6647,Category2,182,33,3,753
6669,ID6670,Category2,161,32,9,221
6688,ID6689,Category2,170,38,1,265
6703,ID6704,Category2,194,10,4,777
6769,ID6770,Category2,175,34,5,439
6825,ID6826,Category2,190,30,6,619
6887,ID6888,Category2,200,39,5,374
6914,ID6915,Category2,160,39,5,224
6926,ID6927,Category2,175,37,1,375
6949,ID6950,Category2,172,27,9,129
7003,ID7004,Category2,175,38,1,930
7030,ID7031,Category2,165,28,8,714
7062,ID7063,Category2,163,25,6,265
7087,ID7088,Category2,195,28,6,697
7099,ID7100,Category2,178,12,5,413
7105,ID7106,Category2,177,35,4,970
7125,ID7126,Category2,181,38,9,502
7162,ID7163,Category2,191,24,7,310
7170,ID7171,Category2,176,14,9,190
7233,ID7234,Category2,173,20,3,964
7237,ID7238,Category2,183,19,7,595
7260,ID7261,Category2,177,29,8,183
7359,ID7360,Category2,180,34,2,322
7383,ID7384,Category2,186,37,5,957
7390,ID7391,Category2,177,31,8,167
7403,ID7404,Category2,166,18,9,398
7422,ID7423,Category2,182,39,3,788
7424,ID7425,Category2,192,21,3,302
7469,ID7470,Category2,183,17,1,221
7473,ID7474,Category2,183,40,1,536
7505,ID7506,Category2,186,20,1,531
7530,ID7531,Category2,161,23,7,389
7611,ID7612,Category2,192,15,5,691
7623,ID7624,Category2,165,13,9,849
7654,ID7655,Category2,178,12,9,460
7663,ID7664,Category2,161,37,5,383
7676,ID7677,Category2,199,35,4,286
7739,ID7740,Category2,200,11,3,753
7743,ID7744,Category2,170,20,7,305
7753,ID7754,Category2,191,31,7,186
7781,ID7782,Category2,166,22,2,605
7804,ID7805,Category2,162,15,7,107
7828,ID7829,Category2,160,26,4,515
7907,ID7908,Category2,163,32,9,208
7909,ID7910,Category2,165,20,5,800
7939,ID7940,Category2,198,16,2,712
7947,ID7948,Category2,183,16,9,407
7963,ID7964,Category2,196,14,4,260
8014,ID8015,Category2,164,17,9,600
8036,ID8037,Category2,163,32,8,333
8171,ID8172,Category2,189,28,6,919
8199,ID8200,Category2,168,40,2,921
8230,ID8231,Category2,168,33,5,236
8258,ID8259,Category2,194,38,8,888
8307,ID8308,Category2,183,25,2,502
8312,ID8313,Category2,163,29,6,456
8315,ID8316,Category2,179,37,3,880
8351,ID8352,Category2,168,33,8,281
8353,ID8354,Category2,179,25,8,943
8393,ID8394,Category2,180,40,7,801
8421,ID8422,Category2,172,26,5,342
8438,ID8439,Category2,185,39,3,627
8466,ID8467,Category2,172,30,4,592
8505,ID8506,Category2,166,29,1,324
8553,ID8554,Category2,180,38,6,644
8589,ID8590,Category2,164,21,5,746
8638,ID8639,Category2,181,34,8,464
8743,ID8744,Category2,192,37,6,620
8748,ID8749,Category2,168,16,2,724
8765,ID8766,Category2,186,27,7,649
8772,ID8773,Category2,199,34,8,814
8825,ID8826,Category2,183,15,4,502
8916,ID8917,Category2,176,38,5,1000
8938,ID8939,Category2,172,12,2,247
9005,ID9006,Category2,161,27,8,523
9094,ID9095,Category2,184,21,4,748
9106,ID9107,Category2,170,11,2,698
9116,ID9117,Category2,172,15,8,219
9124,ID9125,Category2,195,18,2,337
9131,ID9132,Category2,180,40,6,177
9145,ID9146,Category2,186,10,9,632
9156,ID9157,Category2,172,38,1,941
9198,ID9199,Category2,193,29,9,495
9217,ID9218,Category2,196,40,5,945
9271,ID9272,Category2,195,26,2,444
9272,ID9273,Category2,185,12,7,758
9292,ID9293,Category2,199,16,7,454
9294,ID9295,Category2,189,29,6,503
9324,ID9325,Category2,163,23,7,856
9328,ID9329,Category2,183,12,7,766
9395,ID9396,Category2,177,12,9,121
9397,ID9398,Category2,191,24,1,417
9408,ID9409,Category2,168,16,9,929
9487,ID9488,Category2,183,39,7,605
9544,ID9545,Category2,189,34,9,818
9590,ID9591,Category2,164,30,6,725
9599,ID9600,Category2,199,29,7,768
9634,ID9635,Category2,180,11,5,519
9636,ID9637,Category2,189,17,7,451
9644,ID9645,Category2,180,39,7,668
9671,ID9672,Category2,167,32,5,362
9749,ID9750,Category2,169,23,4,966
9785,ID9786,Category2,177,22,3,546
9883,ID9884,Category2,172,33,8,860
9891,ID9892,Category2,167,35,7,970
9915,ID9916,Category2,162,26,2,383
9964,ID9965,Category2,180,17,7,893
9980,ID9981,Category2,180,16,7,556
9993,ID9994,Category2,196,25,7,882
21,IDX22,Category2,187,30,2,185
29,IDX30,Category2,170,19,4,685
146,IDX147,Category2,190,29,3,308
163,IDX164,Category2,196,29,5,662
173,IDX174,Category2,197,26,2,951
178,IDX179,Category2,171,37,5,904
211,IDX212,Category2,166,30,5,963
229,IDX230,Category2,193,31,6,823
257,IDX258,Category2,182,22,2,839
263,IDX264,Category2,173,39,8,995
277,IDX278,Category2,160,39,5,582
304,IDX305,Category2,183,31,4,823
305,IDX306,Category2,165,16,1,472
308,IDX309,Category2,170,10,5,987
351,IDX352,Category2,160,10,8,760
357,IDX358,Category2,160,32,5,336
359,IDX360,Category2,198,25,2,383
390,IDX391,Category2,180,18,8,593
435,IDX436,Category2,162,20,6,375
450,IDX451,Category2,179,22,5,133
451,IDX452,Category2,186,22,9,994
461,IDX462,Category2,194,18,7,400
487,IDX488,Category2,166,17,2,421
501,IDX502,Category2,163,13,4,341
534,IDX535,Category2,189,20,7,567
635,IDX636,Category2,195,40,2,300
646,IDX647,Category2,175,26,1,512
655,IDX656,Category2,179,23,9,300
704,IDX705,Category2,185,20,3,616
712,IDX713,Category2,186,35,4,788
753,IDX754,Category2,164,17,8,984
896,IDX897,Category2,191,31,1,741
916,IDX917,Category2,160,14,8,907
931,IDX932,Category2,178,40,3,947
958,IDX959,Category2,186,40,1,152
961,IDX962,Category2,186,16,6,641
1013,IDX1014,Category2,183,27,3,641
1039,IDX1040,Category2,181,15,6,912
1126,IDX1127,Category2,160,35,1,589
1138,IDX1139,Category2,196,29,3,955
1192,IDX1193,Category2,161,37,4,583
1230,IDX1231,Category2,197,13,1,961
1254,IDX1255,Category2,164,15,8,468
1260,IDX1261,Category2,189,32,8,440
1278,IDX1279,Category2,193,20,2,581
1288,IDX1289,Category2,175,27,8,911
1290,IDX1291,Category2,196,25,6,768
1291,IDX1292,Category2,195,10,5,186
1299,IDX1300,Category2,191,22,1,364
1341,IDX1342,Category2,187,40,2,121
1379,IDX1380,Category2,195,36,1,406
1402,IDX1403,Category2,167,25,8,186
1430,IDX1431,Category2,199,20,9,340
1465,IDX1466,Category2,183,19,4,235
1489,IDX1490,Category2,170,33,8,277
1625,IDX1626,Category2,182,30,9,188
1663,IDX1664,Category2,160,19,8,191
1678,IDX1679,Category2,170,20,1,575
1735,IDX1736,Category2,174,27,1,265
1743,IDX1744,Category2,186,20,4,775
1776,IDX1777,Category2,179,39,8,929
1835,IDX1836,Category2,166,16,6,372
1844,IDX1845,Category2,163,31,6,796
1879,IDX1880,Category2,187,30,2,521
1897,IDX1898,Category2,179,10,1,696
1898,IDX1899,Category2,196,40,5,969
1901,IDX1902,Category2,189,18,5,397
1930,IDX1931,Category2,186,12,8,247
1945,IDX1946,Category2,191,10,6,244
1971,IDX1972,Category2,186,22,7,688
1985,IDX1986,Category2,200,27,3,362
1999,IDX2000,Category2,198,34,8,437
2051,IDX2052,Category2,185,12,5,969
2073,IDX2074,Category2,177,28,2,912
2078,IDX2079,Category2,171,27,5,689
2106,IDX2107,Category2,174,33,9,296
2117,IDX2118,Category2,161,31,3,720
2171,IDX2172,Category2,177,34,9,132
2189,IDX2190,Category2,164,22,8,716
2239,IDX2240,Category2,160,20,2,283
2259,IDX2260,Category2,173,40,1,475
2382,IDX2383,Category2,170,10,2,406
2423,IDX2424,Category2,164,23,3,316
2432,IDX2433,Category2,187,10,4,697
2433,IDX2434,Category2,164,15,9,952
2435,IDX2436,Category2,198,40,3,213
2503,IDX2504,Category2,182,33,2,721
2567,IDX2568,Category2,175,14,8,284
2600,IDX2601,Category2,186,38,6,413
2639,IDX2640,Category2,200,20,6,763
2651,IDX2652,Category2,169,40,7,950
2652,IDX2653,Category2,193,30,2,357
2671,IDX2672,Category2,178,10,6,252
2709,IDX2710,Category2,193,34,6,862
2723,IDX2724,Category2,188,30,5,305
2755,IDX2756,Category2,187,33,9,871
2786,IDX2787,Category2,192,37,7,477
2796,IDX2797,Category2,167,18,6,803
2900,IDX2901,Category2,183,17,5,375
2923,IDX2924,Category2,185,18,4,366
2927,IDX2928,Category2,200,20,5,421
2934,IDX2935,Category2,189,15,2,572
2948,IDX2949,Category2,176,36,6,318
2970,IDX2971,Category2,194,11,1,115
3014,IDX3015,Category2,176,19,5,282
3043,IDX3044,Category2,187,19,5,180
3052,IDX3053,Category2,179,19,6,300
3090,IDX3091,Category2,179,33,9,829
3242,IDX3243,Category2,177,11,4,298
3408,IDX3409,Category2,176,25,8,257
3446,IDX3447,Category2,192,12,9,560
3467,IDX3468,Category2,178,36,3,226
3488,IDX3489,Category2,172,24,5,698
3510,IDX3511,Category2,162,26,7,321
3517,IDX3518,Category2,196,39,1,539
3520,IDX3521,Category2,181,15,8,369
3521,IDX3522,Category2,198,28,2,765
3522,IDX3523,Category2,173,29,6,238
3545,IDX3546,Category2,190,28,9,293
3547,IDX3548,Category2,169,37,1,582
3549,IDX3550,Category2,194,29,3,806
3586,IDX3587,Category2,200,10,1,677
3589,IDX3590,Category2,200,25,6,252
3599,IDX3600,Category2,168,12,9,733
3615,IDX3616,Category2,192,27,2,581
3616,IDX3617,Category2,180,32,8,398
3646,IDX3647,Category2,188,12,2,575
3656,IDX3657,Category2,190,34,8,171
3661,IDX3662,Category2,162,38,9,144
3706,IDX3707,Category2,169,38,2,272
3785,IDX3786,Category2,176,17,8,814
3816,IDX3817,Category2,198,37,7,668
3826,IDX3827,Category2,196,14,4,205
3834,IDX3835,Category2,191,30,1,430
3838,IDX3839,Category2,177,25,2,181
3857,IDX3858,Category2,190,38,9,641
3875,IDX3876,Category2,169,28,1,111
3933,IDX3934,Category2,177,18,4,979
3934,IDX3935,Category2,183,31,7,243
3946,IDX3947,Category2,171,23,3,532
3986,IDX3987,Category2,165,35,4,552
3991,IDX3992,Category2,160,13,1,436
4026,IDX4027,Category2,171,38,2,168
4065,IDX4066,Category2,200,37,2,515
4080,IDX4081,Category2,193,17,7,229
4084,IDX4085,Category2,164,13,2,154
4148,IDX4149,Category2,160,19,3,607
4159,IDX4160,Category2,178,18,7,838
4169,IDX4170,Category2,174,37,2,127
4189,IDX4190,Category2,200,17,9,120
4190,IDX4191,Category2,192,33,3,607
4193,IDX4194,Category2,176,31,4,431
4196,IDX4197,Category2,176,12,2,250
4203,IDX4204,Category2,197,39,5,828
4261,IDX4262,Category2,198,14,7,262
4288,IDX4289,Category2,190,22,1,115
4298,IDX4299,Category2,168,27,5,679
4476,IDX4477,Category2,186,19,6,982
4539,IDX4540,Category2,188,13,6,532
4544,IDX4545,Category2,185,17,9,754
4561,IDX4562,Category2,199,17,2,382
4675,IDX4676,Category2,171,24,3,981
4705,IDX4706,Category2,174,40,2,232
4710,IDX4711,Category2,176,29,5,240
4746,IDX4747,Category2,189,12,9,179
4757,IDX4758,Category2,161,28,9,133
4768,IDX4769,Category2,173,34,4,616
4869,IDX4870,Category2,187,28,4,455
4886,IDX4887,Category2,176,20,4,422
4943,IDX4944,Category2,172,20,8,977
4993,IDX4994,Category2,174,14,6,369
5001,IDX5002,Category2,179,25,6,169
5031,IDX5032,Category2,160,33,8,687
5033,IDX5034,Category2,173,23,1,333
5041,IDX5042,Category2,169,18,3,574
5132,IDX5133,Category2,174,35,1,933
5133,IDX5134,Category2,199,21,4,500
5152,IDX5153,Category2,165,12,7,155
5230,IDX5231,Category2,164,29,7,460
5247,IDX5248,Category2,186,28,8,291
5257,IDX5258,Category2,187,20,7,545
5275,IDX5276,Category2,176,21,8,251
5299,IDX5300,Category2,178,20,4,345
5320,IDX5321,Category2,165,16,1,225
5327,IDX5328,Category2,181,40,2,749
5344,IDX5345,Category2,192,17,8,686
5355,IDX5356,Category2,167,33,6,165
5368,IDX5369,Category2,197,27,4,123
5380,IDX5381,Category2,166,23,1,339
5455,IDX5456,Category2,174,19,5,223
5495,IDX5496,Category2,169,12,2,246
5496,IDX5497,Category2,165,36,6,904
5498,IDX5499,Category2,178,11,2,583
5522,IDX5523,Category2,163,20,2,202
5538,IDX5539,Category2,188,22,8,816
5560,IDX5561,Category2,179,15,6,880
5562,IDX5563,Category2,174,13,5,780
5580,IDX5581,Category2,167,10,4,945
5604,IDX5605,Category2,184,37,4,439
5608,IDX5609,Category2,191,39,5,996
5609,IDX5610,Category2,194,26,6,105
5621,IDX5622,Category2,168,34,6,839
5682,IDX5683,Category2,192,10,5,663
5746,IDX5747,Category2,163,28,6,542
5830,IDX5831,Category2,162,10,7,810
5856,IDX5857,Category2,190,36,8,983
5861,IDX5862,Category2,161,40,3,651
5870,IDX5871,Category2,169,24,8,219
5891,IDX5892,Category2,195,16,1,851
5913,IDX5914,Category2,174,27,2,441
5967,IDX5968,Category2,200,26,8,376
5972,IDX5973,Category2,166,36,7,509
6029,IDX6030,Category2,179,37,9,481
6078,IDX6079,Category2,195,11,8,485
6099,IDX6100,Category2,184,37,8,211
6102,IDX6103,Category2,181,14,5,920
6112,IDX6113,Category2,183,39,1,751
6185,IDX6186,Category2,178,40,8,613
6203,IDX6204,Category2,178,26,8,943
6239,IDX6240,Category2,168,37,6,887
6288,IDX6289,Category2,173,25,6,330
6300,IDX6301,Category2,175,19,9,355
6335,IDX6336,Category2,186,27,6,508
6355,IDX6356,Category2,178,18,5,849
6363,IDX6364,Category2,182,17,4,811
6402,IDX6403,Category2,178,22,2,187
6404,IDX6405,Category2,200,35,3,727
6413,IDX6414,Category2,189,40,4,225
6417,IDX6418,Category2,170,22,1,172
6440,IDX6441,Category2,196,21,5,992
6464,IDX6465,Category2,181,38,2,615
6468,IDX6469,Category2,160,39,6,379
6542,IDX6543,Category2,170,26,8,915
6544,IDX6545,Category2,182,16,2,216
6546,IDX6547,Category2,174,15,1,647
6562,IDX6563,Category2,197,20,5,775
6575,IDX6576,Category2,164,27,9,710
6581,IDX6582,Category2,172,30,2,924
6602,IDX6603,Category2,180,26,1,190
6609,IDX6610,Category2,169,10,8,825
6661,IDX6662,Category2,171,21,7,690
6666,IDX6667,Category2,182,15,5,492
6690,IDX6691,Category2,185,36,9,801
6713,IDX6714,Category2,193,24,1,380
6721,IDX6722,Category2,189,11,3,458
6760,IDX6761,Category2,163,24,8,299
6783,IDX6784,Category2,198,29,9,374
6827,IDX6828,Category2,194,15,8,558
6892,IDX6893,Category2,185,31,8,453
6927,IDX6928,Category2,182,10,7,928
7003,IDX7004,Category2,167,33,7,906
7011,IDX7012,Category2,198,33,6,208
7019,IDX7020,Category2,165,30,6,269
7042,IDX7043,Category2,168,36,3,889
7062,IDX7063,Category2,183,18,5,893
7069,IDX7070,Category2,180,27,4,387
7071,IDX7072,Category2,192,20,1,920
7120,IDX7121,Category2,176,11,6,509
7123,IDX7124,Category2,182,29,2,692
7132,IDX7133,Category2,170,40,5,393
7156,IDX7157,Category2,177,16,8,272
7225,IDX7226,Category2,193,31,3,833
7324,IDX7325,Category2,188,15,3,568
7340,IDX7341,Category2,198,35,8,652
7353,IDX7354,Category2,180,36,2,986
7362,IDX7363,Category2,199,18,4,641
7387,IDX7388,Category2,170,23,3,143
7409,IDX7410,Category2,165,33,6,852
7547,IDX7548,Category2,169,39,3,832
7558,IDX7559,Category2,184,31,4,918
7592,IDX7593,Category2,191,40,7,507
7598,IDX7599,Category2,175,32,2,619
7605,IDX7606,Category2,168,19,1,383
7646,IDX7647,Category2,169,18,1,419
7659,IDX7660,Category2,200,10,5,784
7669,IDX7670,Category2,185,35,3,129
7685,IDX7686,Category2,171,11,4,792
7692,IDX7693,Category2,162,24,7,779
7724,IDX7725,Category2,174,39,3,963
7736,IDX7737,Category2,189,19,8,473
7751,IDX7752,Category2,191,20,2,308
7762,IDX7763,Category2,167,29,1,708
7785,IDX7786,Category2,169,25,8,683
7807,IDX7808,Category2,184,40,2,778
7808,IDX7809,Category2,168,35,6,566
7823,IDX7824,Category2,197,10,8,188
7856,IDX7857,Category2,160,20,2,171
7869,IDX7870,Category2,185,22,3,297
7871,IDX7872,Category2,163,17,6,805
7899,IDX7900,Category2,173,33,8,225
7929,IDX7930,Category2,168,16,7,815
7940,IDX7941,Category2,180,31,7,816
7946,IDX7947,Category2,160,16,8,457
7959,IDX7960,Category2,185,24,5,310
7981,IDX7982,Category2,166,33,6,489
7992,IDX7993,Category2,162,14,4,910
8023,IDX8024,Category2,190,22,3,599
8058,IDX8059,Category2,181,22,9,814
8118,IDX8119,Category2,176,33,1,547
8136,IDX8137,Category2,200,31,7,748
8146,IDX8147,Category2,164,27,8,355
8149,IDX8150,Category2,192,39,8,337
8169,IDX8170,Category2,188,11,1,555
8193,IDX8194,Category2,160,21,2,372
8239,IDX8240,Category2,177,15,8,630
8269,IDX8270,Category2,167,32,1,958
8294,IDX8295,Category2,189,25,6,486
8319,IDX8320,Category2,169,39,6,587
8332,IDX8333,Category2,179,16,8,240
8366,IDX8367,Category2,162,26,6,477
8379,IDX8380,Category2,160,22,6,371
8390,IDX8391,Category2,168,27,5,456
8426,IDX8427,Category2,170,32,6,355
8449,IDX8450,Category2,189,38,4,754
8485,IDX8486,Category2,170,30,5,193
8510,IDX8511,Category2,182,22,2,483
8534,IDX8535,Category2,176,39,5,968
8544,IDX8545,Category2,196,14,5,350
8579,IDX8580,Category2,162,10,6,797
8622,IDX8623,Category2,189,30,6,359
8639,IDX8640,Category2,199,10,7,645
8644,IDX8645,Category2,161,40,5,232
8670,IDX8671,Category2,183,30,2,152
8681,IDX8682,Category2,183,35,8,494
8728,IDX8729,Category2,161,35,2,595
8736,IDX8737,Category2,180,38,1,285
8738,IDX8739,Category2,161,33,8,392
8760,IDX8761,Category2,167,21,1,918
8776,IDX8777,Category2,178,27,2,212
8825,IDX8826,Category2,178,38,5,308
8839,IDX8840,Category2,167,12,7,301
8853,IDX8854,Category2,196,20,7,345
8891,IDX8892,Category2,165,13,7,325
8938,IDX8939,Category2,184,18,4,228
9020,IDX9021,Category2,163,23,8,110
9121,IDX9122,Category2,167,10,4,516
9161,IDX9162,Category2,192,11,3,260
9199,IDX9200,Category2,165,33,6,694
9243,IDX9244,Category2,176,30,8,258
9247,IDX9248,Category2,179,35,6,270
9248,IDX9249,Category2,188,37,7,438
9255,IDX9256,Category2,180,10,2,998
9348,IDX9349,Category2,162,16,1,450
9404,IDX9405,Category2,189,40,5,135
9484,IDX9485,Category2,164,18,7,112
9492,IDX9493,Category2,170,25,2,138
9504,IDX9505,Category2,178,37,1,306
9528,IDX9529,Category2,170,11,6,376
9531,IDX9532,Category2,190,14,6,373
9541,IDX9542,Category2,193,20,7,360
9547,IDX9548,Category2,190,10,5,116
9562,IDX9563,Category2,199,14,1,776
9592,IDX9593,Category2,175,18,4,540
9640,IDX9641,Category2,181,22,6,724
9645,IDX9646,Category2,185,20,9,606
9654,IDX9655,Category2,200,14,6,788
9670,IDX9671,Category2,160,18,6,686
9756,IDX9757,Category2,200,15,4,341
9767,IDX9768,Category2,184,25,8,173
9825,IDX9826,Category2,194,16,5,905
9832,IDX9833,Category2,161,18,5,522
9877,IDX9878,Category2,166,20,7,441
9980,IDX9981,Category2,161,10,1,822
9993,IDX9994,Category2,186,24,7,195
